molecule_chembl_id,canonical_smiles,standard_value,class
CHEMBL1789941,N#CC[C@H](C1CCCC1)n1cc(-c2ncnc3[nH]ccc23)cn1,100.0,active
CHEMBL4068357,C[C@@H]1CCN(C(=O)N2CCCC2)C[C@@H]1N(C)c1ncnc2[nH]ccc12,27.0,active
CHEMBL4089515,C[C@@H]1CCN(C(=O)N2CC[C@@H](S(=O)(=O)c3cccc(O)c3)C2)C[C@@H]1N(C)c1ncnc2[nH]ccc12,343.0,active
CHEMBL3644620,CCc1cc(O)c(F)cc1-c1ccc2c(-c3nc4c([nH]3)CCN(C(=O)c3cnc(N5CCCCC5)cn3)C4)n[nH]c2c1,70.3,active
CHEMBL3928932,CCc1cc(O)ccc1-c1ccc2c(-c3nc4ccccc4[nH]3)n[nH]c2c1,10.5,active
CHEMBL3929865,Oc1cccc(-c2ccc3c(-c4nc5ccccc5[nH]4)n[nH]c3c2)c1,572.7,active
CHEMBL4087076,CC(C)c1cc(O)ccc1-c1ccc2c(-c3nc4ccccc4[nH]3)n[nH]c2c1,250.3,active
CHEMBL4104931,CCCc1cc(O)ccc1-c1ccc2c(-c3nc4ccccc4[nH]3)n[nH]c2c1,75.4,active
CHEMBL3914503,COc1cc(O)ccc1-c1ccc2c(-c3nc4ccccc4[nH]3)n[nH]c2c1,57.8,active
CHEMBL4086131,CCc1c(-c2ccc3c(-c4nc5ccccc5[nH]4)n[nH]c3c2)ccc(O)c1F,204.8,active
CHEMBL4103980,CCc1cc(O)c(F)cc1-c1ccc2c(-c3nc4ccccc4[nH]3)n[nH]c2c1,47.9,active
CHEMBL4086057,CCc1cc(O)ccc1-c1ccc2c(-c3ncc[nH]3)n[nH]c2c1,10.4,active
CHEMBL4096219,CCc1cc(O)ccc1-c1ccc2c(C(N)=O)n[nH]c2c1,19.1,active
CHEMBL4078165,CCc1cc(O)ccc1-c1ccc2c(C(=O)NC)n[nH]c2c1,9.1,active
CHEMBL4074855,CCc1cc(O)ccc1-c1ccc2c(C(=O)N(C)C)n[nH]c2c1,10000.0,inactive
CHEMBL4101534,CCc1cc(O)ccc1-c1ccc2c(C(=O)Nc3ccc(C)nc3)n[nH]c2c1,277.8,active
CHEMBL4066236,CCc1cc(O)ccc1-c1ccc2c(-c3nc4c([nH]3)CN(C)CC4)n[nH]c2c1,18.6,active
CHEMBL4093813,CCc1cc(O)ccc1-c1ccc2c(-c3nc4c([nH]3)CN(C(C)=O)CC4)n[nH]c2c1,4.5,active
CHEMBL4069951,CCc1cc(O)ccc1-c1ccc2c(-c3nc4c([nH]3)CN(S(C)(=O)=O)CC4)n[nH]c2c1,39.1,active
CHEMBL4097152,CCc1cc(O)c(F)cc1-c1ccc2c(-c3nc4c([nH]3)CN(Cc3ccccc3)CC4)n[nH]c2c1,30.4,active
CHEMBL3644618,CCc1cc(O)c(F)cc1-c1ccc2c(-c3nc4c([nH]3)CCN(C(=O)c3ccc(F)cc3)C4)n[nH]c2c1,35.0,active
CHEMBL3979355,CC(C)(/C=C(\C#N)C(=O)N1CCC[C@H](n2nc(-c3ccc(Oc4ccccc4)cc3F)c3c(N)ncnc32)C1)N1CCN(C2COC2)CC1,5.0,active
CHEMBL4483484,CCc1cc(O)c(F)cc1-c1cc(NP(=O)(CC)CC)c2cn[nH]c2c1,15848.93,inactive
CHEMBL4534573,CCc1cc(O)c(F)cc1-c1cc(NS(=O)(=O)N(C)C)c2cn[nH]c2c1,100.0,active
CHEMBL4563039,CCc1cc(O)c(F)cc1-c1cc(NS(=O)(=O)c2cccnc2)c2cn[nH]c2c1,5011.87,intermediate
CHEMBL4528395,CCc1cc(O)c(F)cc1-c1cc(NS(=O)(=O)c2ccccn2)c2cn[nH]c2c1,2137.96,intermediate
CHEMBL4560212,CCc1cc(O)c(F)cc1-c1cc(NS(=O)(=O)c2ccccc2Cl)c2cn[nH]c2c1,389.05,active
CHEMBL4535413,CCc1cc(O)c(F)cc1-c1cc(NS(=O)(=O)CCN2CCN(C)CC2)c2cn[nH]c2c1,7943.28,intermediate
CHEMBL4529314,CCc1cc(O)c(F)cc1-c1cc(NS(=O)(=O)CCN2CCCCC2)c2cn[nH]c2c1,6309.57,intermediate
CHEMBL4483513,CCc1cc(O)c(F)cc1-c1cc(NS(=O)(=O)CCC(=O)OC)c2cn[nH]c2c1,398.11,active
CHEMBL4569613,CCc1cc(O)c(F)cc1-c1cc(NS(=O)(=O)CCOC)c2cn[nH]c2c1,398.11,active
CHEMBL4543715,CCc1cc(O)c(F)cc1-c1cc(NS(=O)(=O)CCO)c2cn[nH]c2c1,1000.0,active
CHEMBL4522317,CCc1cc(O)c(F)cc1-c1cc(NS(=O)(=O)C(F)(F)F)c2cn[nH]c2c1,2951.21,intermediate
CHEMBL4521312,CCc1cc(O)c(F)cc1-c1cc(NS(=O)(=O)C2CCCC2)c2cn[nH]c2c1,407.38,active
CHEMBL4580425,CCc1cc(O)c(F)cc1-c1cc(NS(=O)(=O)CC2CCC2)c2cn[nH]c2c1,398.11,active
CHEMBL4554460,CCc1cc(O)c(F)cc1-c1cc(NS(=O)(=O)C2CC2)c2cn[nH]c2c1,199.53,active
CHEMBL4517645,CCc1cc(O)c(F)cc1-c1cc(NS(=O)(=O)C(C)C)c2cn[nH]c2c1,162.18,active
CHEMBL4544386,CCc1cc(O)c(F)cc1-c1cc(N(C)S(C)(=O)=O)c2cn[nH]c2c1,1995.26,intermediate
CHEMBL4483364,CCc1cc(O)c(F)cc1-c1cc(NS(=O)(=O)CC)c2cn[nH]c2c1,169.82,active
CHEMBL4539949,CCc1cc(O)c(F)cc1-c1cc(NS(C)(=O)=O)c2cn[nH]c2c1,398.11,active
CHEMBL4577685,CCS(=O)(=O)Nc1cc(-c2c(C)cc(O)cc2C)cc2[nH]ncc12,25118.86,inactive
CHEMBL4564318,CCS(=O)(=O)Nc1cc(-c2ccc(O)c(OC)c2)cc2[nH]ncc12,2137.96,intermediate
CHEMBL4516561,CCS(=O)(=O)Nc1cc(-c2ccc(O)c(F)c2)cc2[nH]ncc12,1584.89,intermediate
CHEMBL4518744,CCS(=O)(=O)Nc1cc(-c2ccc(O)c(Cl)c2)cc2[nH]ncc12,1000.0,active
CHEMBL4551312,CCS(=O)(=O)Nc1cc(-c2ccc(O)c(C)c2)cc2[nH]ncc12,3162.28,intermediate
CHEMBL4589842,CCS(=O)(=O)Nc1cc(-c2ccc(O)cc2Cl)cc2[nH]ncc12,707.95,active
CHEMBL4551061,CCc1cc(O)ccc1-c1cc(NS(=O)(=O)CC)c2cn[nH]c2c1,316.23,active
CHEMBL4567992,CCS(=O)(=O)Nc1cc(-c2ccc(O)cc2C)cc2[nH]ncc12,1659.59,intermediate
CHEMBL4531121,CCS(=O)(=O)Nc1cc(-c2ccc(O)cc2)cc2[nH]ncc12,1995.26,intermediate
CHEMBL4567359,CS(=O)(=O)Nc1cc(-c2ccc(O)cc2)cc2[nH]ncc12,3981.07,intermediate
CHEMBL3545215,CCn1c(C(=O)N(C2CC2)C2CC2)cc2c3c(ncn3C)c(Nc3cc(C)n(C)n3)nc21,1000.0,active
CHEMBL4076947,Cc1cc(Nc2nccc3nc(-c4c(Cl)cc(C#N)cc4Cl)[nH]c23)ncn1,1300.0,intermediate
CHEMBL2386653,C[C@@H](O)c1nc2cnc3[nH]ccc3c2n1[C@H]1CCCOC1,210.0,active
CHEMBL3622821,CC[C@@H]1CN(C(=O)NCC(F)(F)F)C[C@@H]1c1cnc2cnc3[nH]ccc3n12,45.0,active
CHEMBL221959,C[C@@H]1CCN(C(=O)CC#N)C[C@@H]1N(C)c1ncnc2[nH]ccc12,39.0,active
CHEMBL2178252,Cn1cc(NC(=O)c2cnn3cccnc23)c(-c2cccc(Cl)c2)n1,1000.0,active
CHEMBL2178799,Cn1cc(NC(=O)c2cnn3cccnc23)c(-c2cc(Cl)ccc2Cl)n1,230.0,active
CHEMBL4786888,Cn1ncc(NC(=O)c2cnn3cccnc23)c1-c1cc(Cl)ccc1Cl,1000.0,active
CHEMBL4800012,COc1ccc(Cl)cc1-c1n[nH]cc1NC(=O)c1cnn2cccnc12,23.0,active
CHEMBL2178801,COc1ccc(Cl)cc1-c1nn(C)cc1NC(=O)c1cnn2cccnc12,25.0,active
CHEMBL4781087,CCOc1ccc(Cl)cc1-c1n[nH]cc1NC(=O)c1cnn2cccnc12,54.0,active
CHEMBL4762168,O=C(Nc1c[nH]nc1-c1cc(Cl)ccc1OC1CC1)c1cnn2cccnc12,21.0,active
CHEMBL4790609,O=C(Nc1c[nH]nc1-c1cc(Cl)ccc1OC(F)(F)F)c1cnn2cccnc12,64.0,active
CHEMBL4744172,O=C(Nc1c[nH]nc1-c1cc(Cl)ccc1OC(F)F)c1cnn2cccnc12,5.2,active
CHEMBL4777342,Cn1cc(NC(=O)c2cnn3cccnc23)c(-c2cc(Cl)ccc2OC(F)F)n1,4.7,active
CHEMBL4750979,CSc1ccc(Cl)cc1-c1nn(C)cc1NC(=O)c1cnn2cccnc12,11.0,active
CHEMBL4778284,O=C(Nc1c[nH]nc1-c1cc(Cl)ccc1SC(F)F)c1cnn2cccnc12,26.0,active
CHEMBL3667519,COc1ccc(Cl)cc1-c1nc(C)sc1NC(=O)c1cnn2cccnc12,58.0,active
CHEMBL4740778,Nc1nn2cccnc2c1C(=O)Nc1c[nH]nc1-c1cc(Cl)ccc1OC(F)F,4.0,active
CHEMBL4793262,O=C(Nc1c[nH]nc1-c1cc(Cl)ccc1OC(F)F)c1cnc2cccnn12,5.0,active
CHEMBL4760406,Cc1ccn2ncc(C(=O)Nc3c[nH]nc3-c3cc(Cl)ccc3OC(F)F)c2n1,34.0,active
CHEMBL4746416,C#Cc1ccc2ncc(C(=O)Nc3c[nH]nc3-c3cc(Cl)ccc3OC(F)F)n2n1,13.0,active
CHEMBL4788860,O=C(Nc1c[nH]nc1-c1cc(Cl)ccc1OC(F)F)c1snc2cccnc12,20.0,active
CHEMBL4795297,COc1ccc(Cl)cc1-c1nn(C)cc1NC(=O)c1cncc2cccnc12,38.0,active
CHEMBL4791878,O=C(Nc1c[nH]nc1-c1cc(Cl)ccc1OC(F)F)c1cnc2[nH]ccc2n1,42.0,active
CHEMBL4780070,O=C(Nc1c[nH]nc1-c1cc(Cl)ccc1OC(F)F)c1cncc2scnc12,9.2,active
CHEMBL4778449,O=C(Nc1c[nH]nc1-c1cc(Cl)ccc1OC(F)F)c1cncc2ccoc12,36.0,active
CHEMBL4788474,COc1ccc(Cl)cc1-c1nn(C)cc1NC(=O)c1cncc2c[nH]nc12,20.0,active
CHEMBL4781423,COc1ccc(Cl)cc1-c1nn(C)cc1NC(=O)c1cncc2cn(C)nc12,93.0,active
CHEMBL4760562,O=C(Nc1c[nH]nc1-c1cc(Cl)ccc1OC(F)F)c1cncc2c[nH]nc12,18.0,active
CHEMBL4784721,N#Cc1ccc(OC(F)F)c(-c2n[nH]cc2NC(=O)c2cnn3cccnc23)c1,22.0,active
CHEMBL4798728,O=C(Nc1c[nH]nc1-c1cc(F)ccc1OC(F)F)c1cnn2cccnc12,34.0,active
CHEMBL4760135,Cc1ccc(OC(F)F)c(-c2n[nH]cc2NC(=O)c2cnn3cccnc23)c1,27.0,active
CHEMBL4757833,CCc1ccc(OC(F)F)c(-c2n[nH]cc2NC(=O)c2cnn3cccnc23)c1,13.0,active
CHEMBL4742159,O=C(Nc1c[nH]nc1-c1cc(Br)ccc1OC(F)F)c1cnn2cccnc12,3.3,active
CHEMBL4764019,O=C(Nc1c[nH]nc1-c1cc(I)ccc1OC(F)F)c1cnn2cccnc12,2.8,active
CHEMBL4794915,COc1ccc(Cl)c(F)c1-c1n[nH]cc1NC(=O)c1cnn2cccnc12,15.0,active
CHEMBL4756876,O=C(Nc1c[nH]nc1-c1c(OC(F)F)ccc(Cl)c1F)c1cnn2cccnc12,14.0,active
CHEMBL4755407,COc1cc(F)c(Cl)cc1-c1n[nH]cc1NC(=O)c1cnn2cccnc12,42.0,active
CHEMBL4740223,COc1cc(O)c(Cl)cc1-c1n[nH]cc1NC(=O)c1cnn2cccnc12,140.0,active
CHEMBL4789075,O=C(Nc1c[nH]nc1-c1cc(Cl)c(O)cc1OC(F)F)c1cnn2cccnc12,36.0,active
CHEMBL4755725,COc1cc2[nH]ncc2cc1-c1n[nH]cc1NC(=O)c1cnn2cccnc12,370.0,active
CHEMBL4746726,O=C(Nc1c[nH]nc1-c1cc2cn[nH]c2cc1OC(F)F)c1cnn2cccnc12,40.0,active
CHEMBL4742382,COc1cc2ccccc2cc1-c1n[nH]cc1NC(=O)c1cnn2cccnc12,14.0,active
CHEMBL4745474,O=C(Nc1c[nH]nc1-c1cc2ccccc2cc1OC(F)F)c1cnn2cccnc12,6.4,active
CHEMBL4750845,CCOC(=O)c1cc2c(=O)oc3cc(O)ccc3c2s1,12100.0,inactive
CHEMBL1287853,Cc1cnc(Nc2ccc(OCCN3CCCC3)cc2)nc1Nc1cccc(S(=O)(=O)NC(C)(C)C)c1,6.0,active
CHEMBL4594275,N#CCC1CCN(c2nc(Nc3ccc(N4CCC(O)CC4)cc3)c3c(=O)[nH]ncc3n2)CC1,5.0,active
CHEMBL221959,C[C@@H]1CCN(C(=O)CC#N)C[C@@H]1N(C)c1ncnc2[nH]ccc12,170.0,active
CHEMBL2325898,N#C[C@H]1CCN(C(=O)[C@H](NC(=O)c2c[nH]c3ncc(C4CC4)nc23)C2CC2)C1,102.0,active
CHEMBL2325896,N#CC1CN(C(=O)[C@H](NC(=O)c2c[nH]c3ncc(C4CC4)nc23)C2CC2)C1,141.0,active
CHEMBL2325895,CC(C)(C)[C@@H](NC(=O)c1c[nH]c2ncc(C3CC3)nc12)C(=O)N1CC(C#N)C1,291.0,active
CHEMBL2325894,C[C@@H](NC(=O)c1c[nH]c2ncc(C3CC3)nc12)C(=O)N1CC(C#N)C1,2540.0,intermediate
CHEMBL2325912,C[C@@H](NC(=O)c1c[nH]c2ncc(C3CC3)nc12)C(=O)N1CCC(C#N)C1,2260.0,intermediate
CHEMBL2325906,C[C@H](NC(=O)c1c[nH]c2ncc(C3CC3)nc12)C(C)(C)C#N,2570.0,intermediate
CHEMBL2325904,C[C@H](NC(=O)c1c[nH]c2ncc(C3CC3)nc12)C(C)(C)O,13200.0,inactive
CHEMBL2325903,C[C@H](NC(=O)c1c[nH]c2ncc(C3CC3)nc12)C(C)(C)C,3380.0,intermediate
CHEMBL2376152,C[C@@H](NC(=O)c1c[nH]c2ncc(-c3nn(C)c4cc(Cl)cc(F)c34)nc12)C(=O)N1CC(C#N)C1,30000.0,inactive
CHEMBL2376158,C[C@@H](NC(=O)c1c[nH]c2ncc(-c3ncn4cc(F)cc(F)c34)nc12)C(=O)N1CC(C#N)C1,12900.0,inactive
CHEMBL2376157,C[C@@H](NC(=O)c1c[nH]c2ncc(-c3ncn4cc(F)ccc34)nc12)C(=O)N1CC(C#N)C1,2860.0,intermediate
CHEMBL2376149,COc1ccc2c(-c3cnc4[nH]cc(C(=O)N[C@H](C)C(=O)N5CC(C#N)C5)c4n3)nn(C)c2c1,2610.0,intermediate
CHEMBL2376147,C[C@@H](NC(=O)c1c[nH]c2ncc(-c3nn(C)c4cc(F)ccc34)nc12)C(=O)N1CC(C#N)C1,1350.0,intermediate
CHEMBL2376144,C[C@@H](NC(=O)c1c[nH]c2ncc(-c3nn(C)c4cc(Cl)ccc34)nc12)C(=O)N1CC(C#N)C1,30000.0,inactive
CHEMBL2376143,C[C@@H](NC(=O)c1c[nH]c2ncc(-c3cn(C)c4cc(Cl)ccc34)nc12)C(=O)N1CC(C#N)C1,230.0,active
CHEMBL2376040,COc1cc(-c2cnc3[nH]cc(C(=O)N[C@H](C)C(=O)N4CC(C#N)C4)c3n2)cc(OC)c1OC,490.0,active
CHEMBL1789941,N#CC[C@H](C1CCCC1)n1cc(-c2ncnc3[nH]ccc23)cn1,31.0,active
CHEMBL2376439,CC(=O)N[C@@H]1CCc2ccc(Oc3cnc4[nH]cc(C(=O)N[C@@H](C(=O)N5CC(C#N)C5)C5CC5)c4n3)cc21,30000.0,inactive
CHEMBL2376437,CC(=O)N[C@@H]1CCc2ccc(Oc3cnc4[nH]cc(C(=O)N[C@H](C)C5CC5)c4n3)cc21,30000.0,inactive
CHEMBL2376436,CC(=O)N[C@@H]1CCc2ccc(Oc3cnc4[nH]cc(C(=O)N[C@@H](C)C5CC5)c4n3)cc21,14400.0,inactive
CHEMBL3301607,O=C(Nc1nc2cccc(-c3ccc(CN4CCS(=O)(=O)CC4)cc3)n2n1)C1CC1,1045.0,intermediate
CHEMBL3644620,CCc1cc(O)c(F)cc1-c1ccc2c(-c3nc4c([nH]3)CCN(C(=O)c3cnc(N5CCCCC5)cn3)C4)n[nH]c2c1,2100.0,intermediate
CHEMBL3655081,CCCS(=O)(=O)N[C@H]1C[C@@H](N(C)c2ncnc3[nH]ccc23)C1,163.0,active
CHEMBL4435170,[2H]C([2H])([2H])NC(=O)c1nnc(NC(=O)C2CC2)cc1Nc1cccc(-c2ncn(C)n2)c1OC,609.0,active
CHEMBL4458435,Cn1cc(Nc2nccc(N3C[C@H]4CC[C@H](C3)N4C(=O)[C@@H]3CC3(F)F)n2)cn1,298.0,active
CHEMBL4561663,NC(=O)c1ccccc1Nc1cc(Nc2ccc(F)cn2)ncc1C(N)=O,210.0,active
CHEMBL4537678,CNC(=O)c1cnc(Nc2ccc(F)cn2)cc1Nc1ccccc1C(N)=O,12500.0,inactive
CHEMBL4559521,CCNC(=O)c1cnc(Nc2ccc(F)cn2)cc1Nc1ccccc1C(N)=O,12500.0,inactive
CHEMBL4466720,NC(=O)c1ccccc1Nc1cc(Nc2ccc(F)cn2)ncc1C(=O)NC1CC1,12500.0,inactive
CHEMBL4516272,CN(C)C(=O)c1cnc(Nc2ccc(F)cn2)cc1Nc1ccccc1C(N)=O,12500.0,inactive
CHEMBL4526283,CNC(=O)c1cnc(Nc2ccc(F)cn2)cc1Nc1ccccc1S(C)(=O)=O,12500.0,inactive
CHEMBL4530719,CS(=O)(=O)c1ccccc1Nc1cc(Nc2ccc(F)cn2)ncc1C(N)=O,260.0,active
CHEMBL4444169,[2H]C([2H])([2H])NC(=O)c1cnc(Nc2ccc(F)cn2)cc1Nc1ccccc1S(C)(=O)=O,12500.0,inactive
CHEMBL4297507,C[C@H]1CN(C(=O)CC#N)[C@]12CCN(c1ncnc3[nH]ccc13)C2,33.0,active
CHEMBL4459585,Cn1cc(-c2cn3nccc3c(-c3cnn([C@]4(CC#N)C[C@@H](C#N)C4)c3)n2)cn1,2220.0,intermediate
CHEMBL4864387,N#CCCn1cc(-c2nc(Nc3ccc4c(ccn4S(=O)(=O)C(F)(F)F)c3)ncc2F)cn1,1172.0,intermediate
CHEMBL5077096,Cc1cnc(Nc2cnn(C(F)F)c2)nc1N1CCC2(CCNC2=O)CC1,1124.2,intermediate
CHEMBL4594441,COc1cc(Nc2ncc(C)c(Nc3ccc4oc(=O)[nH]c4c3)n2)cc(C)c1F,417.0,active
CHEMBL1938642,NC(=O)c1cnc(N)c2cc(-c3ccc(N4CCOCC4)cc3)sc12,548.0,active
CHEMBL1938654,CNC(=O)c1cnc(N)c2cc(-c3ccc(S(=O)(=O)NC(C)(C)C)cc3)sc12,625.0,active
CHEMBL221959,C[C@@H]1CCN(C(=O)CC#N)C[C@@H]1N(C)c1ncnc2[nH]ccc12,33.0,active
CHEMBL1938656,COCCNC(=O)c1cnc(N)c2cc(-c3ccc(S(=O)(=O)NC(C)(C)C)cc3)sc12,4450.0,intermediate
CHEMBL1938657,CN(C)CCNC(=O)c1cnc(N)c2cc(-c3ccc(S(=O)(=O)NC(C)(C)C)cc3)sc12,25000.0,inactive
CHEMBL1938659,CC(C)(C)NS(=O)(=O)c1ccc(-c2cc3c(N)ncc(C(=O)NCCN4CCOCC4)c3s2)cc1,7300.0,intermediate
CHEMBL2325898,N#C[C@H]1CCN(C(=O)[C@H](NC(=O)c2c[nH]c3ncc(C4CC4)nc23)C2CC2)C1,1150.0,intermediate
CHEMBL2325896,N#CC1CN(C(=O)[C@H](NC(=O)c2c[nH]c3ncc(C4CC4)nc23)C2CC2)C1,511.0,active
CHEMBL2325895,CC(C)(C)[C@@H](NC(=O)c1c[nH]c2ncc(C3CC3)nc12)C(=O)N1CC(C#N)C1,1008.0,intermediate
CHEMBL2325894,C[C@@H](NC(=O)c1c[nH]c2ncc(C3CC3)nc12)C(=O)N1CC(C#N)C1,805.0,active
CHEMBL2325912,C[C@@H](NC(=O)c1c[nH]c2ncc(C3CC3)nc12)C(=O)N1CCC(C#N)C1,5020.0,intermediate
CHEMBL2325906,C[C@H](NC(=O)c1c[nH]c2ncc(C3CC3)nc12)C(C)(C)C#N,1090.0,intermediate
CHEMBL2325904,C[C@H](NC(=O)c1c[nH]c2ncc(C3CC3)nc12)C(C)(C)O,15700.0,inactive
CHEMBL2325903,C[C@H](NC(=O)c1c[nH]c2ncc(C3CC3)nc12)C(C)(C)C,2460.0,intermediate
CHEMBL2376152,C[C@@H](NC(=O)c1c[nH]c2ncc(-c3nn(C)c4cc(Cl)cc(F)c34)nc12)C(=O)N1CC(C#N)C1,430.0,active
CHEMBL2376158,C[C@@H](NC(=O)c1c[nH]c2ncc(-c3ncn4cc(F)cc(F)c34)nc12)C(=O)N1CC(C#N)C1,1290.0,intermediate
CHEMBL2376157,C[C@@H](NC(=O)c1c[nH]c2ncc(-c3ncn4cc(F)ccc34)nc12)C(=O)N1CC(C#N)C1,300.0,active
CHEMBL2376149,COc1ccc2c(-c3cnc4[nH]cc(C(=O)N[C@H](C)C(=O)N5CC(C#N)C5)c4n3)nn(C)c2c1,180.0,active
CHEMBL2376147,C[C@@H](NC(=O)c1c[nH]c2ncc(-c3nn(C)c4cc(F)ccc34)nc12)C(=O)N1CC(C#N)C1,150.0,active
CHEMBL2376144,C[C@@H](NC(=O)c1c[nH]c2ncc(-c3nn(C)c4cc(Cl)ccc34)nc12)C(=O)N1CC(C#N)C1,240.0,active
CHEMBL2376143,C[C@@H](NC(=O)c1c[nH]c2ncc(-c3cn(C)c4cc(Cl)ccc34)nc12)C(=O)N1CC(C#N)C1,50.0,active
CHEMBL2376040,COc1cc(-c2cnc3[nH]cc(C(=O)N[C@H](C)C(=O)N4CC(C#N)C4)c3n2)cc(OC)c1OC,100.0,active
CHEMBL1789941,N#CC[C@H](C1CCCC1)n1cc(-c2ncnc3[nH]ccc23)cn1,23.0,active
CHEMBL2376439,CC(=O)N[C@@H]1CCc2ccc(Oc3cnc4[nH]cc(C(=O)N[C@@H](C(=O)N5CC(C#N)C5)C5CC5)c4n3)cc21,7410.0,intermediate
CHEMBL2376437,CC(=O)N[C@@H]1CCc2ccc(Oc3cnc4[nH]cc(C(=O)N[C@H](C)C5CC5)c4n3)cc21,1750.0,intermediate
CHEMBL2376436,CC(=O)N[C@@H]1CCc2ccc(Oc3cnc4[nH]cc(C(=O)N[C@@H](C)C5CC5)c4n3)cc21,700.0,active
CHEMBL2105759,CCS(=O)(=O)N1CC(CC#N)(n2cc(-c3ncnc4[nH]ccc34)cn2)C1,259.0,active
CHEMBL3039513,CC[C@@](C)(Nc1ccnc(-c2c[nH]c3ncccc23)n1)C(=O)NCC(F)(F)F,932.0,active
CHEMBL3301607,O=C(Nc1nc2cccc(-c3ccc(CN4CCS(=O)(=O)CC4)cc3)n2n1)C1CC1,2140.0,intermediate
CHEMBL3545215,CCn1c(C(=O)N(C2CC2)C2CC2)cc2c3c(ncn3C)c(Nc3cc(C)n(C)n3)nc21,990.0,active
CHEMBL3765822,CC(C)[C@@H](C)n1cc(-c2cc(C(C)(C)O)n(C)n2)c2[nH]nc(N)c2c1=O,280.0,active
CHEMBL3644620,CCc1cc(O)c(F)cc1-c1ccc2c(-c3nc4c([nH]3)CCN(C(=O)c3cnc(N5CCCCC5)cn3)C4)n[nH]c2c1,1800.0,intermediate
CHEMBL3655081,CCCS(=O)(=O)N[C@H]1C[C@@H](N(C)c2ncnc3[nH]ccc23)C1,1298.0,intermediate
CHEMBL4065693,C=CC(=O)Nc1cccc(CNc2cc(Nc3ccccc3)ncc2C(N)=O)c1,51.0,active
CHEMBL4096145,CC1(C)[C@H](Nc2c(C(N)=O)cnn3cc(-c4ccccc4)cc23)CC[C@]1(C)N,200.0,active
CHEMBL4068856,Cc1ccccc1-c1cc2c(N[C@@H]3CC[C@](C)(N)C3(C)C)c(C(N)=O)cnn2c1,490.0,active
CHEMBL4087655,Cc1cccc(-c2cc3c(N[C@@H]4CC[C@](C)(N)C4(C)C)c(C(N)=O)cnn3c2)c1,700.0,active
CHEMBL4060536,Cc1ccc(-c2cc3c(N[C@@H]4CC[C@](C)(N)C4(C)C)c(C(N)=O)cnn3c2)cc1,2000.0,intermediate
CHEMBL4071255,COc1ccccc1-c1cc2c(N[C@@H]3CC[C@](C)(N)C3(C)C)c(C(N)=O)cnn2c1,680.0,active
CHEMBL4076794,COc1cccc(-c2cc3c(N[C@@H]4CC[C@](C)(N)C4(C)C)c(C(N)=O)cnn3c2)c1,200.0,active
CHEMBL4078773,COc1ccc(-c2cc3c(N[C@@H]4CC[C@](C)(N)C4(C)C)c(C(N)=O)cnn3c2)cc1,170.0,active
CHEMBL4076191,CC1(C)[C@H](Nc2c(C(N)=O)cnn3cc(-c4ccccc4F)cc23)CC[C@]1(C)N,630.0,active
CHEMBL4071806,CC1(C)[C@H](Nc2c(C(N)=O)cnn3cc(-c4cccc(F)c4)cc23)CC[C@]1(C)N,1000.0,active
CHEMBL4077508,CC1(C)[C@H](Nc2c(C(N)=O)cnn3cc(-c4ccc(F)cc4)cc23)CC[C@]1(C)N,420.0,active
CHEMBL4105015,CC1(C)[C@H](Nc2c(C(N)=O)cnn3cc(-c4ccccc4Cl)cc23)CC[C@]1(C)N,1000.0,active
CHEMBL4076823,CC1(C)[C@H](Nc2c(C(N)=O)cnn3cc(-c4cccc(Cl)c4)cc23)CC[C@]1(C)N,780.0,active
CHEMBL4083798,CC1(C)[C@H](Nc2c(C(N)=O)cnn3cc(-c4ccccc4C#N)cc23)CC[C@]1(C)N,500.0,active
CHEMBL4070687,CC1(C)[C@H](Nc2c(C(N)=O)cnn3cc(-c4cccc(C#N)c4)cc23)CC[C@]1(C)N,1000.0,active
CHEMBL4091582,CC1(C)[C@H](Nc2c(C(N)=O)cnn3cc(-c4ccc(C#N)cc4)cc23)CC[C@]1(C)N,66.0,active
CHEMBL3671804,CC1(C)[C@H](Nc2c(C(N)=O)cnn3cc(-c4cccnc4)cc23)CC[C@]1(C)N,110.0,active
CHEMBL4063870,CC1(C)[C@H](Nc2c(C(N)=O)cnn3cc(-c4ccncc4)cc23)CC[C@]1(C)N,56.0,active
CHEMBL4089164,CC1(C)[C@H](Nc2c(C(N)=O)cnn3cc(-c4cncnc4)cc23)CC[C@]1(C)N,240.0,active
CHEMBL4060984,CC1(C)[C@H](Nc2c(C(N)=O)cnn3cc(-c4cc[nH]n4)cc23)CC[C@]1(C)N,81.0,active
CHEMBL4084341,Cc1cnccc1-c1cc2c(N[C@@H]3CC[C@](C)(N)C3(C)C)c(C(N)=O)cnn2c1,75.0,active
CHEMBL4073562,Cc1cc(-c2cc3c(N[C@@H]4CC[C@](C)(N)C4(C)C)c(C(N)=O)cnn3c2)ccn1,55.0,active
CHEMBL4079880,CC1(C)[C@H](Nc2c(C(N)=O)cnn3cc(-c4ccncc4F)cc23)CC[C@]1(C)N,120.0,active
CHEMBL4104127,CC1(C)[C@H](Nc2c(C(N)=O)cnn3cc(-c4ccnc(F)c4)cc23)CC[C@]1(C)N,270.0,active
CHEMBL4069127,COc1cc(-c2cc3c(N[C@@H]4CC[C@](C)(N)C4(C)C)c(C(N)=O)cnn3c2)ccn1,350.0,active
CHEMBL3671805,Cc1ccncc1-c1cc2c(N[C@@H]3CC[C@](C)(N)C3(C)C)c(C(N)=O)cnn2c1,97.0,active
CHEMBL4060444,Cc1ccc(-c2cc3c(N[C@@H]4CC[C@](C)(N)C4(C)C)c(C(N)=O)cnn3c2)cn1,84.0,active
CHEMBL4088673,CC1(C)[C@H](Nc2c(C(N)=O)cnn3cc(-c4cncc(F)c4)cc23)CC[C@]1(C)N,220.0,active
CHEMBL4098840,CC1(C)[C@H](Nc2c(C(N)=O)cnn3cc(-c4ccc(F)nc4)cc23)CC[C@]1(C)N,100.0,active
CHEMBL4080797,COc1ccc(-c2cc3c(N[C@@H]4CC[C@](C)(N)C4(C)C)c(C(N)=O)cnn3c2)cn1,100.0,active
CHEMBL4091096,CCOc1ccc(-c2cc3c(N[C@@H]4CC[C@](C)(N)C4(C)C)c(C(N)=O)cnn3c2)cn1,800.0,active
CHEMBL4070136,CC(C)Oc1ccc(-c2cc3c(N[C@@H]4CC[C@](C)(N)C4(C)C)c(C(N)=O)cnn3c2)cn1,400.0,active
CHEMBL4096795,CC1(C)[C@H](Nc2c(C(N)=O)cnn3cc(-c4ccc(C#N)nc4)cc23)CC[C@]1(C)N,430.0,active
CHEMBL3650985,C=C(C)C(=O)Nc1cccc(-c2ncnc3[nH]cc(C(=O)OCC)c23)c1,280.0,active
CHEMBL4242999,Br.NC(=O)c1cnc2[nH]ccc2c1NC1C2CC3CC1CC(O)(C3)C2,18.0,active
CHEMBL4447631,Cc1cnc(Nc2ccc(N3CCC(N(C)CCO)CC3)c(F)c2)nc1-c1cnn(C(C)C)c1,112.3,active
CHEMBL4435170,[2H]C([2H])([2H])NC(=O)c1nnc(NC(=O)C2CC2)cc1Nc1cccc(-c2ncn(C)n2)c1OC,592.0,active
CHEMBL4440718,[2H]C([2H])([2H])NC(=O)c1nnc(Nc2ccccn2)cc1Nc1ccccc1S(C)(=O)=O,5700.0,intermediate
CHEMBL4454392,C=CC(=O)N1CCCC(n2nc(-c3cc(C(C)(C)O)n(C)n3)c3c(N)ncnc32)C1,10000.0,inactive
CHEMBL4590390,Cn1nc(-c2nn(C3CCCN(C(=O)CC#N)C3)c3ncnc(N)c23)cc1C(C)(C)O,10000.0,inactive
CHEMBL4447497,N#CC[C@H]1CC[C@H](n2c(CC(=O)NC34CCC(C(N)=O)(CC3)CC4)nc3cnc4[nH]ccc4c32)CC1,409.0,active
CHEMBL4582390,N#CC[C@H]1CC[C@H](n2c(CC(=O)N[C@H]3CC[C@H](O)CC3)nc3cnc4[nH]ccc4c32)CC1,103.0,active
CHEMBL4588333,N#CC[C@H]1CC[C@H](n2c(CC(=O)NCc3ccc(F)cc3)nc3cnc4[nH]ccc4c32)CC1,2.6,active
CHEMBL4437638,N#CC[C@H]1CC[C@H](n2c(CNC(=O)CC3CC3)nc3cnc4[nH]ccc4c32)CC1,9.4,active
CHEMBL4439418,N#CC[C@H]1CC[C@H](n2c(CC(=O)NCC(F)(F)F)nc3cnc4[nH]ccc4c32)CC1,7.1,active
CHEMBL4537718,CC(C)(C#N)CNC(=O)Cc1nc2cnc3[nH]ccc3c2n1[C@H]1CC[C@H](CC#N)CC1,9.7,active
CHEMBL4456630,N#CC[C@H]1CC[C@H](n2c(CC(=O)N3CCC(N4CCOCC4)CC3)nc3cnc4[nH]ccc4c32)CC1,47.0,active
CHEMBL4563534,N#CCCNC(=O)Cc1nc2cnc3[nH]ccc3c2n1[C@H]1CC[C@H](CC#N)CC1,36.0,active
CHEMBL4514898,CC(C)CN1CCC(NC(=O)Cc2nc3cnc4[nH]ccc4c3n2[C@H]2CC[C@H](CC#N)CC2)CC1,54.0,active
CHEMBL4473572,CC(C)(O)CNC(=O)Cc1nc2cnc3[nH]ccc3c2n1[C@H]1CC[C@H](CC#N)CC1,22.0,active
CHEMBL4458435,Cn1cc(Nc2nccc(N3C[C@H]4CC[C@H](C3)N4C(=O)[C@@H]3CC3(F)F)n2)cn1,238.0,active
CHEMBL4561663,NC(=O)c1ccccc1Nc1cc(Nc2ccc(F)cn2)ncc1C(N)=O,400.0,active
CHEMBL4537678,CNC(=O)c1cnc(Nc2ccc(F)cn2)cc1Nc1ccccc1C(N)=O,12500.0,inactive
CHEMBL4559521,CCNC(=O)c1cnc(Nc2ccc(F)cn2)cc1Nc1ccccc1C(N)=O,12500.0,inactive
CHEMBL4466720,NC(=O)c1ccccc1Nc1cc(Nc2ccc(F)cn2)ncc1C(=O)NC1CC1,12500.0,inactive
CHEMBL4516272,CN(C)C(=O)c1cnc(Nc2ccc(F)cn2)cc1Nc1ccccc1C(N)=O,12500.0,inactive
CHEMBL4526283,CNC(=O)c1cnc(Nc2ccc(F)cn2)cc1Nc1ccccc1S(C)(=O)=O,12500.0,inactive
CHEMBL4530719,CS(=O)(=O)c1ccccc1Nc1cc(Nc2ccc(F)cn2)ncc1C(N)=O,960.0,active
CHEMBL4444169,[2H]C([2H])([2H])NC(=O)c1cnc(Nc2ccc(F)cn2)cc1Nc1ccccc1S(C)(=O)=O,12500.0,inactive
CHEMBL4558494,O=c1[nH]cccc1Nc1ncc2[nH]c(=O)n([C@@H]3CCOc4c(F)cccc43)c2n1,96.0,active
CHEMBL4526498,O=c1[nH]cc(F)cc1Nc1ncc2[nH]c(=O)n([C@@H]3CCOc4c(F)cccc43)c2n1,76.0,active
CHEMBL4482927,O=c1[nH]cc(Cl)cc1Nc1ncc2[nH]c(=O)n([C@@H]3CCOc4c(F)cccc43)c2n1,44.0,active
CHEMBL4536419,Cc1c[nH]c(=O)c(Nc2ncc3[nH]c(=O)n([C@@H]4CCOc5c(F)cccc54)c3n2)c1,130.0,active
CHEMBL4556988,O=c1[nH]cccc1Nc1ncc2[nH]c(=O)n([C@@H]3CC[C@@H](O)c4ccccc43)c2n1,130.0,active
CHEMBL4458055,C[C@H](c1ccc(F)cn1)n1c(=O)[nH]c2cnc(Nc3ccc[nH]c3=O)nc21,140.0,active
CHEMBL4517586,C[C@H](c1ccc(F)cn1)n1c(=O)[nH]c2cnc(Nc3cc(F)c[nH]c3=O)nc21,130.0,active
CHEMBL4460058,C[C@H](c1ccc(F)cn1)n1c(=O)[nH]c2cnc(Nc3cc(Cl)c[nH]c3=O)nc21,68.0,active
CHEMBL4550310,N#CCC(=O)N1CCC[C@H](n2c(=O)[nH]c3cnc(Nc4ccc[nH]c4=O)nc32)C1,760.0,active
CHEMBL4443416,N#CCC(=O)N1CCC[C@H](n2c(=O)[nH]c3cnc(Nc4cc(Cl)c[nH]c4=O)nc32)C1,3400.0,intermediate
CHEMBL4587709,N#CCC(=O)N1CCC[C@@H](n2c(=O)[nH]c3cnc(Nc4ccc[nH]c4=O)nc32)C1,3400.0,intermediate
CHEMBL4463007,N#CC[C@H]1CC[C@H](n2c(=O)[nH]c3cnc(Nc4ccc[nH]c4=O)nc32)CC1,41.0,active
CHEMBL4526485,N#CC[C@H]1CC[C@H](n2c(=O)[nH]c3cnc(Nc4cc(Cl)c[nH]c4=O)nc32)CC1,46.0,active
CHEMBL4476445,N#Cc1ccc2ncc(-c3ncc4[nH]c(=O)n(C5CCOCC5)c4n3)n2c1,1100.0,intermediate
CHEMBL4463215,O=c1[nH]c2cnc(-c3cnc4ccc(F)cn34)nc2n1C1CCOCC1,350.0,active
CHEMBL4635876,OCCn1cc(Nc2ncc(Cl)c(NCc3cc(F)ccc3F)n2)cn1,7.943,active
CHEMBL4634979,COc1cc(-c2cnc3cccc(-c4cc(F)c(CN5CCS(=O)(=O)CC5)c(F)c4)c3n2)ccc1OCCCN1CCOCC1,316.23,active
CHEMBL4297507,C[C@H]1CN(C(=O)CC#N)[C@]12CCN(c1ncnc3[nH]ccc13)C2,40.0,active
CHEMBL4459585,Cn1cc(-c2cn3nccc3c(-c3cnn([C@]4(CC#N)C[C@@H](C#N)C4)c3)n2)cn1,4890.0,intermediate
CHEMBL4789639,[2H]C([2H])([2H])NC(=O)c1cnc(NC(=O)C2CC2)cc1Nc1cccc(-c2ncc(F)cn2)c1OC,12500.0,inactive
CHEMBL4870912,CCS(=O)(=O)N1CC(CC#N)(n2cc(-n3c(-c4ccc(CO)o4)cc4cnc5[nH]ccc5c43)cn2)C1,10000.0,inactive
CHEMBL4869338,CCS(=O)(=O)N1CC(CC#N)(n2cc(-n3c(-c4cccs4)cc4cnc5[nH]ccc5c43)cn2)C1,10000.0,inactive
CHEMBL4867261,N#CCCn1cc(-n2c(-c3cccs3)cc3cnc4[nH]ccc4c32)cn1,10000.0,inactive
CHEMBL4872996,N#CCCCn1cc(-n2ccc3cnc4[nH]ccc4c32)cn1,10690.0,inactive
CHEMBL4853377,Cc1ccc(-c2cc3cnc4[nH]ccc4c3n2-c2cnn(CCCC#N)c2)o1,9560.0,intermediate
CHEMBL4869982,Cc1ccc(-c2cc3cnc4[nH]ccc4c3n2-c2cnn(CCCC#N)c2)s1,5430.0,intermediate
CHEMBL4854943,N#CCCCn1cc(-n2c(C3CCC3)cc3cnc4[nH]ccc4c32)cn1,5330.0,intermediate
CHEMBL5077096,Cc1cnc(Nc2cnn(C(F)F)c2)nc1N1CCC2(CCNC2=O)CC1,295.6,active
CHEMBL5077653,CCc1cc(O)c(F)cc1-c1cc(OC)c2nc(N)ncc2c1,630.96,active
CHEMBL5084542,CCc1cc(O)c(F)cc1-c1cc(NC2CCN(C(C)=O)CC2)c2nc(N)ncc2c1,25.12,active
CHEMBL5082928,CCc1cc(O)c(F)cc1-c1cc(NCCO)c2nc(N)ncc2c1,316.23,active
CHEMBL5084913,CCc1cc(O)c(F)cc1-c1cc(N(C)CCO)c2nc(N)ncc2c1,501.19,active
CHEMBL5084340,CCc1cc(O)c(F)cc1-c1cc(NCCCO)c2nc(N)ncc2c1,398.11,active
CHEMBL5078647,CCc1cc(O)c(F)cc1-c1cc(N[C@@H](C)CO)c2nc(N)ncc2c1,79.43,active
CHEMBL5074310,CCc1cc(O)c(F)cc1-c1cc(N[C@H](C)CO)c2nc(N)ncc2c1,501.19,active
CHEMBL5078141,CCc1cc(O)c(F)cc1-c1cc(NC[C@H](C)O)c2nc(N)ncc2c1,79.43,active
CHEMBL5079248,CCc1cc(O)c(F)cc1-c1cc(NC[C@@H](C)O)c2nc(N)ncc2c1,158.49,active
CHEMBL5085176,CCc1cc(O)c(F)cc1-c1cc(NC(CO)CO)c2nc(N)ncc2c1,251.19,active
CHEMBL5076068,CCc1cc(O)c(F)cc1-c1cc(NCCNC)c2nc(N)ncc2c1,50.12,active
CHEMBL5077126,CCc1cc(O)c(F)cc1-c1cc(NC2CCN(C)CC2)c2nc(N)ncc2c1,25.12,active
CHEMBL5075223,CCc1cc(O)c(F)cc1-c1cc(NCC2CCN(C)CC2)c2nc(N)ncc2c1,125.89,active
CHEMBL5087255,CCc1cc(O)c(F)cc1-c1cc(N[C@@H]2CCCN(C)C2)c2nc(N)ncc2c1,251.19,active
CHEMBL5086526,CCc1cc(O)c(F)cc1-c1cc(N[C@H]2CCCN(C)C2)c2nc(N)ncc2c1,31.62,active
CHEMBL5076189,CCc1cc(O)c(F)cc1-c1cc(N[C@H]2C[C@H]3CC[C@@H](C2)N3)c2nc(N)ncc2c1,39.81,active
CHEMBL5075673,CCc1cc(O)c(F)cc1-c1cc(N[C@@H]2C[C@H]3CC[C@@H](C2)N3)c2nc(N)ncc2c1,125.89,active
CHEMBL5076101,CCc1cc(O)c(F)cc1-c1cc(N[C@@H](C)CO)c2nc(NCCCN(C)C)ncc2c1,125.89,active
CHEMBL5094089,CCc1cc(O)c(F)cc1-c1cc(N[C@@H](C)CO)c2nc(NCCOCCN(C)C)ncc2c1,251.19,active
CHEMBL5075556,CCc1cc(O)c(F)cc1-c1cc(N[C@@H](C)CO)c2nc(NCCCCCN(C)C)ncc2c1,63.1,active
CHEMBL5198005,CCNC(=O)c1ccc(Nc2cc(-c3c(F)cccc3F)nc3c2C(=O)NC3)nc1,64.0,active
CHEMBL5182688,O=C1NCc2nc(-c3c(F)cccc3F)cc(Nc3ccc(C(=O)N4CCOCC4)cc3)c21,170.0,active
CHEMBL5180050,O=C1NCc2nc(-c3c(F)cccc3F)cc(Nc3ccc(C(=O)N4CCCC4)cc3)c21,240.0,active
CHEMBL5204815,Cc1cnc(Nc2cccc(S(N)(=O)=O)c2)nc1Nc1ccc2c(c1)NC(=O)CO2,34.0,active
CHEMBL5178640,Cc1cnc(Nc2cccc(S(N)(=O)=O)c2)nc1Nc1ccc2c(c1)NC(=O)C(C)(C)O2,17.0,active
CHEMBL5208935,Cc1cnc(Nc2cccc(S(N)(=O)=O)c2)nc1Nc1ccc2c(c1)NC(=O)C(F)(F)O2,106.0,active
CHEMBL5169819,Cc1cnc(Nc2cccc(S(N)(=O)=O)c2)nc1Nc1ccc2oc(=O)[nH]c2c1,34.0,active
CHEMBL5183029,Cc1cnc(Nc2cccc(S(N)(=O)=O)c2)nc1Nc1ccc2[nH]c(=O)oc2c1,91.0,active
CHEMBL5199794,Cc1cnc(Nc2cccc(S(N)(=O)=O)c2)nc1Nc1ccc2[nH]c(=O)[nH]c2c1,92.0,active
CHEMBL5189275,Cc1cnc(Nc2cccc(S(N)(=O)=O)c2)nc1Nc1ccc2oc(=O)n(C)c2c1,65.0,active
CHEMBL5201990,Cc1cnc(Nc2cccc(S(N)(=O)=O)c2)nc1Nc1ccc2c(c1)oc(=O)n2C,69.0,active
CHEMBL5190167,Cc1cnc(Nc2cccc(S(N)(=O)=O)c2)nc1Nc1ccc2c(c1)[nH]c(=O)n2C,77.0,active
CHEMBL5192620,Cc1cnc(Nc2cccc(S(N)(=O)=O)c2)nc1Nc1ccc2c(c1)n(C)c(=O)n2C,116.0,active
CHEMBL5196240,NS(=O)(=O)c1cccc(Nc2ncc(F)c(Nc3ccc4oc(=O)[nH]c4c3)n2)c1,80.0,active
CHEMBL5179252,NS(=O)(=O)c1cccc(Nc2nccc(Nc3ccc4oc(=O)[nH]c4c3)n2)c1,237.0,active
CHEMBL5203476,COc1nc2ccc(Nc3nc(Nc4cccc(S(N)(=O)=O)c4)ncc3C)cc2s1,13030.0,inactive
CHEMBL5204045,Cc1cnc(Nc2ccc(S(N)(=O)=O)cc2)nc1Nc1ccc2oc(=O)[nH]c2c1,119.0,active
CHEMBL5204721,Cc1cnc(Nc2cccc(NS(C)(=O)=O)c2)nc1Nc1ccc2oc(=O)[nH]c2c1,32.0,active
CHEMBL5175645,Cc1cnc(Nc2ccc(NS(C)(=O)=O)cc2)nc1Nc1ccc2oc(=O)[nH]c2c1,23.0,active
CHEMBL5191312,Cc1cnc(Nc2cccc(S(C)(=O)=O)c2)nc1Nc1ccc2oc(=O)[nH]c2c1,11.0,active
CHEMBL5186181,Cc1cnc(Nc2ccc(S(C)(=O)=O)cc2)nc1Nc1ccc2oc(=O)[nH]c2c1,18.0,active
CHEMBL5179746,Cc1cnc(Nc2cccc(C#N)c2)nc1Nc1ccc2oc(=O)[nH]c2c1,51.0,active
CHEMBL5194652,Cc1cnc(Nc2ccc(C#N)cc2)nc1Nc1ccc2oc(=O)[nH]c2c1,64.0,active
CHEMBL5205935,Cc1cnc(Nc2ccc(N3CCN(C)CC3)nc2)nc1Nc1ccc2oc(=O)[nH]c2c1,20.0,active
CHEMBL5207437,Cc1cnc(Nc2ccc(N3CCOCC3)nc2)nc1Nc1ccc2oc(=O)[nH]c2c1,22.0,active
CHEMBL5192889,COc1cc(Nc2ncc(C)c(Nc3ccc4oc(=O)[nH]c4c3)n2)cc(OC)c1OC,26.0,active
CHEMBL5198389,COc1cc(Nc2ncc(C)c(Nc3ccc4oc(=O)[nH]c4c3)n2)cc(OC)c1,21.0,active
CHEMBL5173045,COc1cc(Nc2ncc(C)c(Nc3ccc4oc(=O)[nH]c4c3)n2)cc(C(F)(F)F)c1,37.0,active
CHEMBL5192063,COc1ccc(Nc2ncc(C)c(Nc3ccc4oc(=O)[nH]c4c3)n2)cc1C(F)(F)F,38.0,active
CHEMBL5203646,Cc1cnc(Nc2ccc(F)c(C(F)(F)F)c2)nc1Nc1ccc2oc(=O)[nH]c2c1,58.0,active
CHEMBL5209379,COc1cc(Nc2ncc(C)c(Nc3ccc4oc(=O)[nH]c4c3)n2)cc(C(F)F)c1,9.0,active
CHEMBL5170161,COc1cc(CF)cc(Nc2ncc(C)c(Nc3ccc4oc(=O)[nH]c4c3)n2)c1,9.0,active
CHEMBL5184050,COc1cc(C)cc(Nc2ncc(C)c(Nc3ccc4oc(=O)[nH]c4c3)n2)c1,23.0,active
CHEMBL5187209,COc1cc(Nc2ncc(C)c(Nc3ccc4oc(=O)[nH]c4c3)n2)cc(C)c1OC,12.0,active
CHEMBL5188333,COc1cc(Nc2ncc(C)c(Nc3ccc4oc(=O)[nH]c4c3)n2)cc(C)c1C,37.0,active
CHEMBL4594441,COc1cc(Nc2ncc(C)c(Nc3ccc4oc(=O)[nH]c4c3)n2)cc(C)c1F,20.0,active
CHEMBL5191508,[2H]C([2H])([2H])NC(=O)c1nnc(NC(=O)C2CC2)cc1Nc1cccc(C(=O)Nc2ccc(NC[C@H]3COCCO3)cc2)c1OC,41.0,active
CHEMBL5172397,O=C(Nc1nc2cccc(C3CCC4(CC3)CN(C(=O)[C@@H]3CC3(F)F)C4)n2n1)C1CC1,157.4,active
CHEMBL2105759,CCS(=O)(=O)N1CC(CC#N)(n2cc(-c3ncnc4[nH]ccc34)cn2)C1,28.7,active
CHEMBL221959,C[C@@H]1CCN(C(=O)CC#N)C[C@@H]1N(C)c1ncnc2[nH]ccc12,35.0,active
CHEMBL1789941,N#CC[C@H](C1CCCC1)n1cc(-c2ncnc3[nH]ccc23)cn1,194.0,active
CHEMBL3039513,CC[C@@](C)(Nc1ccnc(-c2c[nH]c3ncccc23)n1)C(=O)NCC(F)(F)F,1290.0,intermediate
CHEMBL3301607,O=C(Nc1nc2cccc(-c3ccc(CN4CCS(=O)(=O)CC4)cc3)n2n1)C1CC1,1500.0,intermediate
CHEMBL3765822,CC(C)[C@@H](C)n1cc(-c2cc(C(C)(C)O)n(C)n2)c2[nH]nc(N)c2c1=O,65.0,active
CHEMBL3644620,CCc1cc(O)c(F)cc1-c1ccc2c(-c3nc4c([nH]3)CCN(C(=O)c3cnc(N5CCCCC5)cn3)C4)n[nH]c2c1,620.0,active
CHEMBL4101374,CN(c1ncnc2[nH]ccc12)[C@H]1C[C@@H](NS(=O)(=O)c2ccccc2)C1,156.0,active
CHEMBL4100431,CN(c1ncnc2[nH]ccc12)[C@H]1C[C@@H](NS(C)(=O)=O)C1,750.0,active
CHEMBL4092805,CCS(=O)(=O)N[C@H]1C[C@@H](N(C)c2ncnc3[nH]ccc23)C1,930.0,active
CHEMBL3655082,CC(C)CS(=O)(=O)N[C@H]1C[C@@H](N(C)c2ncnc3[nH]ccc23)C1,212.0,active
CHEMBL3655080,CN(c1ncnc2[nH]ccc12)[C@H]1C[C@@H](NS(=O)(=O)CC(F)(F)F)C1,147.0,active
CHEMBL4103698,CN(c1ncnc2[nH]ccc12)[C@H]1C[C@@H](NS(=O)(=O)c2ccc(F)cc2)C1,107.0,active
CHEMBL4085011,CN(c1ncnc2[nH]ccc12)[C@H]1C[C@@H](NS(=O)(=O)Cc2ccccc2)C1,2480.0,intermediate
CHEMBL4098094,CCCNS(=O)(=O)N[C@H]1C[C@@H](N(C)c2ncnc3[nH]ccc23)C1,331.0,active
CHEMBL3655097,CN(c1ncnc2[nH]ccc12)[C@H]1C[C@@H](NS(=O)(=O)NCC2CC2)C1,773.0,active
CHEMBL4100048,CCS(=O)(=O)C[C@H]1C[C@@H](N(C)c2ncnc3[nH]ccc23)C1,721.0,active
CHEMBL4090590,CCCS(=O)(=O)C[C@H]1C[C@@H](N(C)c2ncnc3[nH]ccc23)C1,1400.0,intermediate
CHEMBL3658860,CCCCS(=O)(=O)C[C@H]1C[C@@H](N(C)c2ncnc3[nH]ccc23)C1,155.0,active
CHEMBL3655081,CCCS(=O)(=O)N[C@H]1C[C@@H](N(C)c2ncnc3[nH]ccc23)C1,189.0,active
CHEMBL4101725,CCCS(=O)(=O)N[C@H]1C[C@H](N(C)c2ncnc3[nH]ccc23)C1,6450.0,intermediate
CHEMBL4087961,CCCCS(=O)(=O)N[C@H]1C[C@@H](N(C)c2ncnc3[nH]ccc23)C1,256.0,active
CHEMBL4059667,CN(c1ncnc2[nH]ccc12)[C@H]1C[C@@H](NS(=O)(=O)C2CC2)C1,89.0,active
CHEMBL3655095,CN(c1ncnc2[nH]ccc12)[C@H]1C[C@@H](NS(=O)(=O)CC2CC2)C1,259.0,active
CHEMBL4068319,CN(c1ncnc2[nH]ccc12)[C@H]1C[C@@H](NS(=O)(=O)CC2CCC2)C1,199.0,active
CHEMBL4103435,CN(c1ncnc2[nH]ccc12)[C@H]1C[C@@H](NS(=O)(=O)CCC(F)(F)F)C1,692.0,active
CHEMBL4079179,CN(c1ncnc2[nH]ccc12)[C@H]1C[C@@H](NS(=O)(=O)CCCC(F)(F)F)C1,367.0,active
CHEMBL4065613,COCCS(=O)(=O)N[C@H]1C[C@@H](N(C)c2ncnc3[nH]ccc23)C1,628.0,active
CHEMBL4087044,COCCCS(=O)(=O)N[C@H]1C[C@@H](N(C)c2ncnc3[nH]ccc23)C1,601.0,active
CHEMBL4099048,CN(c1ncnc2[nH]ccc12)[C@H]1C[C@@H](NS(=O)(=O)CCCC#N)C1,216.0,active
CHEMBL3655086,CN(c1ncnc2[nH]ccc12)[C@H]1C[C@@H](NS(=O)(=O)CC2COC2)C1,160.0,active
CHEMBL4085264,CCN(C)S(=O)(=O)N[C@H]1C[C@@H](N(C)c2ncnc3[nH]ccc23)C1,207.0,active
CHEMBL4063642,CN(C1CC1)S(=O)(=O)N[C@H]1C[C@@H](N(C)c2ncnc3[nH]ccc23)C1,186.0,active
CHEMBL4077614,CN(c1ncnc2[nH]ccc12)[C@H]1C[C@@H](NS(=O)(=O)N2CCCCC2)C1,1189.0,intermediate
CHEMBL3655104,CN(CCC#N)S(=O)(=O)N[C@H]1C[C@@H](N(C)c2ncnc3[nH]ccc23)C1,141.0,active
CHEMBL4066404,CCCCN(C)S(=O)(=O)C[C@H]1C[C@@H](N(C)c2ncnc3[nH]ccc23)C1,645.0,active
CHEMBL4093955,CN(CC1CC1)S(=O)(=O)C[C@H]1C[C@@H](N(C)c2ncnc3[nH]ccc23)C1,148.0,active
CHEMBL4104105,CN(c1ncnc2[nH]ccc12)[C@H]1C[C@@H](CS(=O)(=O)N2CCCC2)C1,211.0,active
CHEMBL4065693,C=CC(=O)Nc1cccc(CNc2cc(Nc3ccccc3)ncc2C(N)=O)c1,4900.0,intermediate
CHEMBL4288086,C=CC(=O)Nc1cccc(-c2ncnc3[nH]cc(CCOC)c23)c1,10000.0,inactive
CHEMBL4284396,COCCc1c[nH]c2ncnc(-c3ccc4c(c3)N(C#N)CC(F)(F)O4)c12,10000.0,inactive
CHEMBL4281393,N#CN[C@H]1CCc2ccc(-c3ncnc4[nH]ccc34)cc21,2815.0,intermediate
CHEMBL4294868,N#CN[C@H]1C[C@@H](O)c2ccc(-c3ncnc4[nH]ccc34)cc21,10000.0,inactive
CHEMBL4292320,CS(=O)(=O)N[C@@H]1C[C@H](NC#N)c2cc(-c3ncnc4[nH]ccc34)ccc21,10000.0,inactive
CHEMBL4285555,N#CN[C@H]1C[C@@H](NS(=O)(=O)c2cccc(C#N)c2)c2ccc(-c3ncnc4[nH]ccc34)cc21,10000.0,inactive
CHEMBL4277610,N#CN[C@H]1C[C@@H](NS(=O)(=O)c2cccc(F)c2)c2ccc(-c3ncnc4[nH]ccc34)cc21,10000.0,inactive
CHEMBL4277193,COc1ccc(S(=O)(=O)N[C@@H]2C[C@H](NC#N)c3cc(-c4ncnc5[nH]ccc45)ccc32)cc1,10000.0,inactive
CHEMBL4287845,N#CN[C@H]1CCc2ccc(-c3ncnc4[nH]cc(-c5ccccc5)c34)cc21,10000.0,inactive
CHEMBL4292341,N#CN[C@H]1CCc2ccc(-c3ncnc4[nH]cc(-c5cccc(CO)c5)c34)cc21,7843.0,intermediate
CHEMBL4435170,[2H]C([2H])([2H])NC(=O)c1nnc(NC(=O)C2CC2)cc1Nc1cccc(-c2ncn(C)n2)c1OC,5.0,active
CHEMBL4587924,CNC(=O)c1cnc(Nc2ccc(F)cn2)cc1Nc1cccc(C#N)c1OC,34.0,active
CHEMBL4530035,CNC(=O)c1cnc(Nc2ccc(F)cn2)cc1Nc1cccc(C(=O)O)c1OC,10000.0,inactive
CHEMBL4582205,CNC(=O)c1cnc(Nc2ccc(F)cn2)cc1Nc1cccc(C(N)=O)c1OC,63.0,active
CHEMBL4524832,CNC(=O)c1cnc(Nc2ccc(F)cn2)cc1Nc1cccc(C(=O)NC)c1OC,78.0,active
CHEMBL4543090,CNC(=O)c1cccc(Nc2cc(Nc3ccc(F)cn3)ncc2C(=O)NC)c1,7500.0,intermediate
CHEMBL4581296,CNC(=O)c1cnc(Nc2ccc(F)cn2)cc1Nc1ccc(C(N)=O)cc1OC,930.0,active
CHEMBL4534832,CNC(=O)c1ccc(Nc2cc(Nc3ccc(F)cn3)ncc2C(=O)NC)c(OC)c1,490.0,active
CHEMBL4537259,CNC(=O)c1cnc(Nc2cc(C)c(F)cn2)cc1Nc1cccc(C(N)=O)c1OC,30.0,active
CHEMBL4468025,CNC(=O)c1cnc(Nc2cc(C)c(F)cn2)cc1Nc1cccc(C(=O)NC)c1OC,47.0,active
CHEMBL4441840,CCNC(=O)c1cccc(Nc2cc(Nc3cc(C)c(F)cn3)ncc2C(=O)NC)c1OC,28.0,active
CHEMBL4577224,CNC(=O)c1cnc(Nc2cc(C)c(F)cn2)cc1Nc1cccc(C(=O)N(C)C)c1OC,130.0,active
CHEMBL4527672,CNC(=O)c1cnc(Nc2cc(C)c(F)cn2)cc1Nc1cccc(C(=O)NCC2CC2)c1OC,64.0,active
CHEMBL4439617,CNC(=O)c1cnc(Nc2cc(C)c(F)cn2)cc1Nc1cccc(C(=O)NCCO)c1OC,220.0,active
CHEMBL4578980,CNC(=O)c1cnc(Nc2cc(C)c(F)cn2)cc1Nc1cccc(C(=O)NCCN2CCOCC2)c1OC,51.0,active
CHEMBL4474729,CNC(=O)c1cnc(Nc2cc(C)c(F)cn2)cc1Nc1cccc(C(=O)NCc2ccccn2)c1OC,22.0,active
CHEMBL4543984,CNC(=O)c1cnc(Nc2cc(C)c(F)cn2)cc1Nc1cccc(-c2nnco2)c1OC,15.0,active
CHEMBL4443834,CNC(=O)c1cnc(Nc2cc(C)c(F)cn2)cc1Nc1cccc(-c2nnc(C)o2)c1OC,12.0,active
CHEMBL4566158,CNC(=O)c1cnc(Nc2cc(C)c(F)cn2)cc1Nc1cccc(-c2ccn(C)n2)c1OC,9.0,active
CHEMBL4572426,CNC(=O)c1cnc(Nc2cc(C)c(F)cn2)cc1Nc1cccc(-c2ccnn2C)c1OC,70.0,active
CHEMBL4572855,CNC(=O)c1cnc(Nc2cc(C)c(F)cn2)cc1Nc1cccc(-c2nc[nH]n2)c1OC,8.0,active
CHEMBL4457060,CNC(=O)c1cnc(Nc2cc(C)c(F)cn2)cc1Nc1cccc(-c2n[nH]c(C)n2)c1OC,7.0,active
CHEMBL4435079,CNC(=O)c1cnc(Nc2cc(C)c(F)cn2)cc1Nc1cccc(-c2nncn2C)c1OC,16.0,active
CHEMBL4565054,CNC(=O)c1cnc(Nc2cc(C)c(F)cn2)cc1Nc1cccc(-c2ncnn2C)c1OC,15.0,active
CHEMBL4557190,CNC(=O)c1cnc(Nc2cc(C)c(F)cn2)cc1Nc1cccc(-c2ncn(C)n2)c1OC,4.0,active
CHEMBL4469750,CNC(=O)c1cnc(Nc2ccc(C#N)cn2)cc1Nc1cccc(-c2ncn(C)n2)c1OC,6.0,active
CHEMBL4559585,CNC(=O)c1cnc(Nc2ccc(C(F)(F)F)cn2)cc1Nc1cccc(-c2ncn(C)n2)c1OC,12.0,active
CHEMBL4580625,CNC(=O)c1cnc(Nc2cc(C)nc(C)n2)cc1Nc1cccc(-c2ncn(C)n2)c1OC,12.0,active
CHEMBL4476261,CNC(=O)c1cnc(NC(=O)C2CC2)cc1Nc1cccc(-c2ncn(C)n2)c1OC,14.0,active
CHEMBL4571117,[2H]C([2H])([2H])NC(=O)c1cnc(NC(=O)C2CC2)cc1Nc1cccc(-c2ncn(C)n2)c1OC,8.0,active
CHEMBL4473572,CC(C)(O)CNC(=O)Cc1nc2cnc3[nH]ccc3c2n1[C@H]1CC[C@H](CC#N)CC1,257.0,active
CHEMBL4537718,CC(C)(C#N)CNC(=O)Cc1nc2cnc3[nH]ccc3c2n1[C@H]1CC[C@H](CC#N)CC1,39.0,active
CHEMBL4563534,N#CCCNC(=O)Cc1nc2cnc3[nH]ccc3c2n1[C@H]1CC[C@H](CC#N)CC1,65.0,active
CHEMBL4535276,O=C(C1CC1)N1[C@@H]2CC[C@@H]1CN(c1nc(Nc3cnn(CCO)c3)ncc1F)C2,75.0,active
CHEMBL4580985,Cn1cc(Nc2ncc(F)c(N3C[C@H]4CC[C@H](C3)N4C(=O)C3CC3)n2)cn1,144.0,active
CHEMBL4445892,CCNC(=O)c1ncc(Nc2ncc(F)c(N3C[C@H]4CC[C@H](C3)N4C(=O)C3CC3)n2)cc1C,385.0,active
CHEMBL4520790,Cn1cc(Nc2nccc(N3C[C@H]4CC[C@H](C3)N4C(=O)NCC#N)n2)cn1,120.0,active
CHEMBL4526032,Cn1cc(Nc2nccc(N3C[C@H]4CC[C@H](C3)N4C(=O)NCC(F)(F)F)n2)cn1,51.0,active
CHEMBL4517702,CCNC(=O)N1[C@@H]2CC[C@@H]1CN(c1ccnc(Nc3cnn(C)c3)n1)C2,116.0,active
CHEMBL4458435,Cn1cc(Nc2nccc(N3C[C@H]4CC[C@H](C3)N4C(=O)[C@@H]3CC3(F)F)n2)cn1,30.0,active
CHEMBL4562564,Cn1cc(Nc2nccc(N3C[C@H]4CC[C@H](C3)N4C(=O)C3CC3)n2)cn1,119.0,active
CHEMBL4471304,Cn1cc(Nc2nccc(N3C[C@H]4CC[C@H](C3)N4C(=O)[C@H]3CC3(F)F)n2)cn1,823.0,active
CHEMBL4561663,NC(=O)c1ccccc1Nc1cc(Nc2ccc(F)cn2)ncc1C(N)=O,37.0,active
CHEMBL4537678,CNC(=O)c1cnc(Nc2ccc(F)cn2)cc1Nc1ccccc1C(N)=O,320.0,active
CHEMBL4559521,CCNC(=O)c1cnc(Nc2ccc(F)cn2)cc1Nc1ccccc1C(N)=O,2500.0,intermediate
CHEMBL4466720,NC(=O)c1ccccc1Nc1cc(Nc2ccc(F)cn2)ncc1C(=O)NC1CC1,5600.0,intermediate
CHEMBL4516272,CN(C)C(=O)c1cnc(Nc2ccc(F)cn2)cc1Nc1ccccc1C(N)=O,12000.0,inactive
CHEMBL4569337,CNC(=O)c1cnc(Nc2ccccc2)cc1Nc1ccccc1C(N)=O,7600.0,intermediate
CHEMBL4465409,CNC(=O)c1cnc(Nc2ccccn2)cc1Nc1ccccc1C(N)=O,310.0,active
CHEMBL4580693,CNC(=O)c1cnc(Nc2ncccc2F)cc1Nc1ccccc1C(N)=O,1800.0,intermediate
CHEMBL4525866,CNC(=O)c1cnc(Nc2ncccn2)cc1Nc1ccccc1C(N)=O,12500.0,inactive
CHEMBL4583948,CNC(=O)c1cnc(Nc2ccc(F)cn2)cc1Nc1ccccc1,5200.0,intermediate
CHEMBL4460194,CNC(=O)c1cnc(Nc2ccc(F)cn2)cc1Nc1ccccc1OC,510.0,active
CHEMBL4476830,CNC(=O)c1cnc(Nc2ccc(F)cn2)cc1Nc1ccc(F)c(F)c1OC,220.0,active
CHEMBL4526283,CNC(=O)c1cnc(Nc2ccc(F)cn2)cc1Nc1ccccc1S(C)(=O)=O,63.0,active
CHEMBL4453827,CCS(=O)(=O)c1ccccc1Nc1cc(Nc2ccc(F)cn2)ncc1C(=O)NC,1000.0,active
CHEMBL4469812,CNC(=O)c1cnc(Nc2ccc(F)cn2)cc1Nc1ccccc1SC,240.0,active
CHEMBL4530719,CS(=O)(=O)c1ccccc1Nc1cc(Nc2ccc(F)cn2)ncc1C(N)=O,35.0,active
CHEMBL4444169,[2H]C([2H])([2H])NC(=O)c1cnc(Nc2ccc(F)cn2)cc1Nc1ccccc1S(C)(=O)=O,53.0,active
CHEMBL4548200,CNC(=O)c1cnc(Nc2cc(C)ccn2)cc1Nc1ccccc1S(C)(=O)=O,21.0,active
CHEMBL4472802,CNC(=O)c1cnc(Nc2ccc(N3CCOCC3)cn2)cc1Nc1ccccc1S(C)(=O)=O,59.0,active
CHEMBL4453545,CNC(=O)c1cnc(Nc2ccc(C)nn2)cc1Nc1ccccc1S(C)(=O)=O,320.0,active
CHEMBL4544320,CNC(=O)c1cnc(Nc2ccccn2)cc1Nc1ccccc1S(C)(=O)=O,57.0,active
CHEMBL4444606,CNC(=O)c1cnc(Nc2ccc(OC)cn2)cc1Nc1ccccc1S(C)(=O)=O,87.0,active
CHEMBL4438202,CNC(=O)c1cnc(NC(=O)C2CC2)cc1Nc1ccccc1S(C)(=O)=O,390.0,active
CHEMBL4542289,CCCC(=O)Nc1cc(Nc2ccccc2S(C)(=O)=O)c(C(=O)NC)cn1,2700.0,intermediate
CHEMBL4531793,CNC(=O)c1cnc(NC(=O)C(C)C)cc1Nc1ccccc1S(C)(=O)=O,4400.0,intermediate
CHEMBL4440718,[2H]C([2H])([2H])NC(=O)c1nnc(Nc2ccccn2)cc1Nc1ccccc1S(C)(=O)=O,0.53,active
CHEMBL4444178,[2H]C([2H])([2H])NC(=O)c1nnc(NC(=O)C2CC2)cc1Nc1ccccc1S(C)(=O)=O,1.3,active
CHEMBL4640981,O=C(N[C@@]12C[C@@H]1CN(c1nc(Nc3cnn(CCO)c3)ncc1F)C2)C1CC1,1523.0,intermediate
CHEMBL4647223,C[C@@H]1[C@@H]2CN(c3nc(Nc4cnn(CCO)c4)ncc3F)C[C@]12NC(=O)C1CC1,443.0,active
CHEMBL4644138,N#C[C@@H]1C[C@H]1C(=O)N[C@@]12C[C@@H]1CN(c1nc(Nc3cnn(CCO)c3)ncc1F)C2,153.0,active
CHEMBL4638906,N#C[C@H]1C[C@@H]1C(=O)N[C@@]12C[C@@H]1CN(c1nc(Nc3cnn(CCO)c3)ncc1F)C2,1812.0,intermediate
CHEMBL4644578,C[C@@H]1[C@@H]2CN(c3nc(Nc4cnn(CCO)c4)ncc3F)C[C@]12NC(=O)[C@@H]1C[C@H]1C#N,148.0,active
CHEMBL4637190,C[C@@H]1[C@@H]2CN(c3nc(Nc4cnn(CCO)c4)ncc3F)C[C@]12NC(=O)[C@H]1C[C@@H]1C#N,971.0,active
CHEMBL4634433,C[C@@H]1[C@@H]2CN(c3nc(Nc4cnn(C)c4)ncc3F)C[C@]12NC(=O)[C@@H]1C[C@H]1C#N,87.0,active
CHEMBL4648631,C[C@@H]1[C@@H]2CN(c3nc(Nc4cnn(C)c4)ncc3F)C[C@]12NC(=O)[C@H]1C[C@@H]1C#N,421.0,active
CHEMBL4635625,C[C@@H]1[C@@H]2CN(c3nc(Nc4cnn(C)c4)ncc3F)C[C@]12NC(=O)[C@@H]1CC1(F)F,191.0,active
CHEMBL4635104,C[C@@H]1[C@@H]2CN(c3nc(Nc4cnn(C)c4)ncc3F)C[C@]12NC(=O)[C@H]1CC1(F)F,1733.0,intermediate
CHEMBL4297507,C[C@H]1CN(C(=O)CC#N)[C@]12CCN(c1ncnc3[nH]ccc13)C2,18.0,active
CHEMBL4459585,Cn1cc(-c2cn3nccc3c(-c3cnn([C@]4(CC#N)C[C@@H](C#N)C4)c3)n2)cn1,53.0,active
CHEMBL4864387,N#CCCn1cc(-c2nc(Nc3ccc4c(ccn4S(=O)(=O)C(F)(F)F)c3)ncc2F)cn1,91.4,active
CHEMBL5077096,Cc1cnc(Nc2cnn(C(F)F)c2)nc1N1CCC2(CCNC2=O)CC1,22.2,active
CHEMBL4594441,COc1cc(Nc2ncc(C)c(Nc3ccc4oc(=O)[nH]c4c3)n2)cc(C)c1F,8.0,active
CHEMBL5172397,O=C(Nc1nc2cccc(C3CCC4(CC3)CN(C(=O)[C@@H]3CC3(F)F)C4)n2n1)C1CC1,59.6,active
